DateTime,Hop,IP,Domain Name,Loss%,Sent,Last,Avg,Best,Worst,StDev,PING tot time,CURL tot time
2024-11-09T08:24:,1,192.168.64.1,?,0.0%,10,1.2,0.9,0.6,1.3,0.2,72.5,141.5085792541504
2024-11-09T08:24:,2,10.11.0.2,?,0.0%,10,4.6,4.8,2.8,6.2,1.3,72.5,141.5085792541504
2024-11-09T08:24:,3,???,?,100.0,10,0.0,0.0,0.0,0.0,0.0,72.5,141.5085792541504
2024-11-09T08:24:,4,???,?,100.0,10,0.0,0.0,0.0,0.0,0.0,72.5,141.5085792541504
2024-11-09T08:24:,5,???,?,100.0,10,0.0,0.0,0.0,0.0,0.0,72.5,141.5085792541504
2024-11-09T08:24:,6,???,?,100.0,10,0.0,0.0,0.0,0.0,0.0,72.5,141.5085792541504
2024-11-09T08:24:,7,???,?,100.0,10,0.0,0.0,0.0,0.0,0.0,72.5,141.5085792541504
2024-11-09T08:24:,8,???,?,100.0,10,0.0,0.0,0.0,0.0,0.0,72.5,141.5085792541504
2024-11-09T08:24:,9,???,?,100.0,10,0.0,0.0,0.0,0.0,0.0,72.5,141.5085792541504
2024-11-09T08:24:,10,???,?,100.0,10,0.0,0.0,0.0,0.0,0.0,72.5,141.5085792541504
2024-11-09T08:24:,11,66.254.114.41,?,10.0%,10,850.7,571.6,47.6,850.7,331.1,72.5,141.5085792541504
2024-11-09T08:28:,1,192.168.64.1,?,0.0%,10,1.0,0.8,0.4,1.1,0.2,46.3,-2439.7919178009033
2024-11-09T08:28:,2,10.11.0.2,?,0.0%,10,3.0,5.5,3.0,13.2,3.0,46.3,-2439.7919178009033
2024-11-09T08:28:,3,???,?,100.0,10,0.0,0.0,0.0,0.0,0.0,46.3,-2439.7919178009033
2024-11-09T08:28:,4,???,?,100.0,10,0.0,0.0,0.0,0.0,0.0,46.3,-2439.7919178009033
2024-11-09T08:28:,5,???,?,100.0,10,0.0,0.0,0.0,0.0,0.0,46.3,-2439.7919178009033
2024-11-09T08:28:,6,???,?,100.0,10,0.0,0.0,0.0,0.0,0.0,46.3,-2439.7919178009033
2024-11-09T08:28:,7,???,?,100.0,10,0.0,0.0,0.0,0.0,0.0,46.3,-2439.7919178009033
2024-11-09T08:28:,8,???,?,100.0,10,0.0,0.0,0.0,0.0,0.0,46.3,-2439.7919178009033
2024-11-09T08:28:,9,???,?,100.0,10,0.0,0.0,0.0,0.0,0.0,46.3,-2439.7919178009033
2024-11-09T08:28:,10,???,?,100.0,10,0.0,0.0,0.0,0.0,0.0,46.3,-2439.7919178009033
2024-11-09T08:28:,11,66.254.114.41,?,0.0%,10,56.7,121.3,54.6,489.2,133.7,46.3,-2439.7919178009033
2024-11-09T08:31:,1,192.168.64.1,?,0.0%,10,0.8,0.8,0.5,1.1,0.2,66.9,386.0151767730713
2024-11-09T08:31:,2,10.11.0.2,?,0.0%,10,5.1,5.5,2.0,9.8,2.0,66.9,386.0151767730713
2024-11-09T08:31:,3,???,?,100.0,10,0.0,0.0,0.0,0.0,0.0,66.9,386.0151767730713
2024-11-09T08:31:,4,???,?,100.0,10,0.0,0.0,0.0,0.0,0.0,66.9,386.0151767730713
2024-11-09T08:31:,5,???,?,100.0,10,0.0,0.0,0.0,0.0,0.0,66.9,386.0151767730713
2024-11-09T08:31:,6,???,?,100.0,10,0.0,0.0,0.0,0.0,0.0,66.9,386.0151767730713
2024-11-09T08:31:,7,???,?,100.0,10,0.0,0.0,0.0,0.0,0.0,66.9,386.0151767730713
2024-11-09T08:31:,8,???,?,100.0,10,0.0,0.0,0.0,0.0,0.0,66.9,386.0151767730713
2024-11-09T08:31:,9,???,?,100.0,10,0.0,0.0,0.0,0.0,0.0,66.9,386.0151767730713
2024-11-09T08:31:,10,???,?,100.0,10,0.0,0.0,0.0,0.0,0.0,66.9,386.0151767730713
2024-11-09T08:31:,11,66.254.114.41,?,10.0%,10,496.2,329.4,48.5,815.8,293.6,66.9,386.0151767730713
2024-11-09T08:34:,1,192.168.64.1,?,0.0%,10,0.5,0.7,0.3,1.1,0.3,45.7,6950.308561325073
2024-11-09T08:34:,2,10.11.0.2,?,0.0%,10,25.6,33.1,5.4,147.4,43.6,45.7,6950.308561325073
2024-11-09T08:34:,3,???,?,100.0,10,0.0,0.0,0.0,0.0,0.0,45.7,6950.308561325073
2024-11-09T08:34:,4,???,?,100.0,10,0.0,0.0,0.0,0.0,0.0,45.7,6950.308561325073
2024-11-09T08:34:,5,???,?,100.0,10,0.0,0.0,0.0,0.0,0.0,45.7,6950.308561325073
2024-11-09T08:34:,6,???,?,100.0,10,0.0,0.0,0.0,0.0,0.0,45.7,6950.308561325073
2024-11-09T08:34:,7,???,?,100.0,10,0.0,0.0,0.0,0.0,0.0,45.7,6950.308561325073
2024-11-09T08:34:,8,???,?,100.0,10,0.0,0.0,0.0,0.0,0.0,45.7,6950.308561325073
2024-11-09T08:34:,9,???,?,100.0,10,0.0,0.0,0.0,0.0,0.0,45.7,6950.308561325073
2024-11-09T08:34:,10,???,?,100.0,10,0.0,0.0,0.0,0.0,0.0,45.7,6950.308561325073
2024-11-09T08:34:,11,66.254.114.41,?,70.0%,10,147.9,-339.,-1585,419.8,1087.7,45.7,6950.308561325073
2024-11-09T08:37:,1,192.168.64.1,?,0.0%,10,1.1,1.0,0.8,1.1,0.1,56.9,404.1473865509033
2024-11-09T08:37:,2,10.11.0.2,?,0.0%,10,5.4,6.4,3.1,10.1,2.2,56.9,404.1473865509033
2024-11-09T08:37:,3,???,?,100.0,10,0.0,0.0,0.0,0.0,0.0,56.9,404.1473865509033
2024-11-09T08:37:,4,???,?,100.0,10,0.0,0.0,0.0,0.0,0.0,56.9,404.1473865509033
2024-11-09T08:37:,5,???,?,100.0,10,0.0,0.0,0.0,0.0,0.0,56.9,404.1473865509033
2024-11-09T08:37:,6,???,?,100.0,10,0.0,0.0,0.0,0.0,0.0,56.9,404.1473865509033
2024-11-09T08:37:,7,???,?,100.0,10,0.0,0.0,0.0,0.0,0.0,56.9,404.1473865509033
2024-11-09T08:37:,8,???,?,100.0,10,0.0,0.0,0.0,0.0,0.0,56.9,404.1473865509033
2024-11-09T08:37:,9,???,?,100.0,10,0.0,0.0,0.0,0.0,0.0,56.9,404.1473865509033
2024-11-09T08:37:,10,???,?,100.0,10,0.0,0.0,0.0,0.0,0.0,56.9,404.1473865509033
2024-11-09T08:37:,11,66.254.114.41,?,0.0%,10,83.3,250.2,42.3,908.3,296.5,56.9,404.1473865509033
2024-11-09T08:40:,1,192.168.64.1,?,0.0%,10,0.9,0.9,0.5,1.1,0.2,60.5,225.58832168579102
2024-11-09T08:40:,2,10.11.0.2,?,0.0%,10,6.1,6.3,3.2,15.9,3.6,60.5,225.58832168579102
2024-11-09T08:40:,3,???,?,100.0,10,0.0,0.0,0.0,0.0,0.0,60.5,225.58832168579102
2024-11-09T08:40:,4,???,?,100.0,10,0.0,0.0,0.0,0.0,0.0,60.5,225.58832168579102
2024-11-09T08:40:,5,???,?,100.0,10,0.0,0.0,0.0,0.0,0.0,60.5,225.58832168579102
2024-11-09T08:40:,6,???,?,100.0,10,0.0,0.0,0.0,0.0,0.0,60.5,225.58832168579102
2024-11-09T08:40:,7,???,?,100.0,10,0.0,0.0,0.0,0.0,0.0,60.5,225.58832168579102
2024-11-09T08:40:,8,???,?,100.0,10,0.0,0.0,0.0,0.0,0.0,60.5,225.58832168579102
2024-11-09T08:40:,9,???,?,100.0,10,0.0,0.0,0.0,0.0,0.0,60.5,225.58832168579102
2024-11-09T08:40:,10,???,?,100.0,10,0.0,0.0,0.0,0.0,0.0,60.5,225.58832168579102
2024-11-09T08:40:,11,66.254.114.41,?,10.0%,10,648.7,180.9,46.5,648.7,201.6,60.5,225.58832168579102
2024-11-09T08:43:,1,192.168.64.1,?,0.0%,10,0.8,0.9,0.6,1.1,0.2,220.0,198.6372470855713
2024-11-09T08:43:,2,10.11.0.2,?,0.0%,10,7.1,4.9,3.5,7.1,1.0,220.0,198.6372470855713
2024-11-09T08:43:,3,???,?,100.0,10,0.0,0.0,0.0,0.0,0.0,220.0,198.6372470855713
2024-11-09T08:43:,4,???,?,100.0,10,0.0,0.0,0.0,0.0,0.0,220.0,198.6372470855713
2024-11-09T08:43:,5,???,?,100.0,10,0.0,0.0,0.0,0.0,0.0,220.0,198.6372470855713
2024-11-09T08:43:,6,???,?,100.0,10,0.0,0.0,0.0,0.0,0.0,220.0,198.6372470855713
2024-11-09T08:43:,7,???,?,100.0,10,0.0,0.0,0.0,0.0,0.0,220.0,198.6372470855713
2024-11-09T08:43:,8,???,?,100.0,10,0.0,0.0,0.0,0.0,0.0,220.0,198.6372470855713
2024-11-09T08:43:,9,???,?,100.0,10,0.0,0.0,0.0,0.0,0.0,220.0,198.6372470855713
2024-11-09T08:43:,10,???,?,100.0,10,0.0,0.0,0.0,0.0,0.0,220.0,198.6372470855713
2024-11-09T08:43:,11,66.254.114.41,?,20.0%,10,52.0,378.0,40.4,943.4,398.0,220.0,198.6372470855713
2024-11-09T08:46:,1,192.168.64.1,?,0.0%,10,0.8,0.7,0.4,1.1,0.2,511.0,1258.6469650268555
2024-11-09T08:46:,2,10.11.0.2,?,0.0%,10,7.5,5.5,3.5,7.8,1.6,511.0,1258.6469650268555
2024-11-09T08:46:,3,???,?,100.0,10,0.0,0.0,0.0,0.0,0.0,511.0,1258.6469650268555
2024-11-09T08:46:,4,???,?,100.0,10,0.0,0.0,0.0,0.0,0.0,511.0,1258.6469650268555
2024-11-09T08:46:,5,???,?,100.0,10,0.0,0.0,0.0,0.0,0.0,511.0,1258.6469650268555
2024-11-09T08:46:,6,???,?,100.0,10,0.0,0.0,0.0,0.0,0.0,511.0,1258.6469650268555
2024-11-09T08:46:,7,???,?,100.0,10,0.0,0.0,0.0,0.0,0.0,511.0,1258.6469650268555
2024-11-09T08:46:,8,???,?,100.0,10,0.0,0.0,0.0,0.0,0.0,511.0,1258.6469650268555
2024-11-09T08:46:,9,???,?,100.0,10,0.0,0.0,0.0,0.0,0.0,511.0,1258.6469650268555
2024-11-09T08:46:,10,???,?,100.0,10,0.0,0.0,0.0,0.0,0.0,511.0,1258.6469650268555
2024-11-09T08:46:,11,66.254.114.41,?,0.0%,10,625.0,335.0,57.5,690.1,223.9,511.0,1258.6469650268555
2024-11-09T08:49:,1,192.168.64.1,?,0.0%,10,0.9,0.8,0.3,1.5,0.4,52.8,618.3228492736816
2024-11-09T08:49:,2,10.11.0.2,?,90.0%,10,5.7,5.7,5.7,5.7,0.0,52.8,618.3228492736816
2024-11-09T08:49:,3,???,?,100.0,10,0.0,0.0,0.0,0.0,0.0,52.8,618.3228492736816
2024-11-09T08:49:,4,10.11.4.78,?,90.0%,10,228.2,228.2,228.2,228.2,0.0,52.8,618.3228492736816
2024-11-09T08:52:,1,192.168.64.1,?,0.0%,10,0.9,0.9,0.4,1.4,0.3,68.5,189.29004669189453
2024-11-09T08:52:,2,10.11.0.2,?,0.0%,10,4.5,86.2,2.0,312.0,133.5,68.5,189.29004669189453
2024-11-09T08:52:,3,???,?,100.0,10,0.0,0.0,0.0,0.0,0.0,68.5,189.29004669189453
2024-11-09T08:52:,4,???,?,100.0,10,0.0,0.0,0.0,0.0,0.0,68.5,189.29004669189453
2024-11-09T08:52:,5,???,?,100.0,10,0.0,0.0,0.0,0.0,0.0,68.5,189.29004669189453
2024-11-09T08:52:,6,???,?,100.0,10,0.0,0.0,0.0,0.0,0.0,68.5,189.29004669189453
2024-11-09T08:52:,7,???,?,100.0,10,0.0,0.0,0.0,0.0,0.0,68.5,189.29004669189453
2024-11-09T08:52:,8,???,?,100.0,10,0.0,0.0,0.0,0.0,0.0,68.5,189.29004669189453
2024-11-09T08:52:,9,???,?,100.0,10,0.0,0.0,0.0,0.0,0.0,68.5,189.29004669189453
2024-11-09T08:52:,10,???,?,100.0,10,0.0,0.0,0.0,0.0,0.0,68.5,189.29004669189453
2024-11-09T08:52:,11,66.254.114.41,?,10.0%,10,54.5,179.2,48.2,673.9,211.5,68.5,189.29004669189453
2024-11-09T08:56:,1,192.168.64.1,?,0.0%,10,1.1,0.9,0.5,1.3,0.3,717.0,232.47790336608887
2024-11-09T08:56:,2,10.11.0.2,?,0.0%,10,2.5,5.1,2.5,11.4,2.4,717.0,232.47790336608887
2024-11-09T08:56:,3,???,?,100.0,10,0.0,0.0,0.0,0.0,0.0,717.0,232.47790336608887
2024-11-09T08:56:,4,???,?,100.0,10,0.0,0.0,0.0,0.0,0.0,717.0,232.47790336608887
2024-11-09T08:56:,5,???,?,100.0,10,0.0,0.0,0.0,0.0,0.0,717.0,232.47790336608887
2024-11-09T08:56:,6,???,?,100.0,10,0.0,0.0,0.0,0.0,0.0,717.0,232.47790336608887
2024-11-09T08:56:,7,???,?,100.0,10,0.0,0.0,0.0,0.0,0.0,717.0,232.47790336608887
2024-11-09T08:56:,8,???,?,100.0,10,0.0,0.0,0.0,0.0,0.0,717.0,232.47790336608887
2024-11-09T08:56:,9,???,?,100.0,10,0.0,0.0,0.0,0.0,0.0,717.0,232.47790336608887
2024-11-09T08:56:,10,???,?,100.0,10,0.0,0.0,0.0,0.0,0.0,717.0,232.47790336608887
2024-11-09T08:56:,11,66.254.114.41,?,10.0%,10,79.9,201.5,55.8,486.7,161.9,717.0,232.47790336608887
2024-11-09T08:59:,1,192.168.64.1,?,0.0%,10,1.4,1.1,0.5,2.1,0.4,58.5,1289.4015312194824
2024-11-09T08:59:,2,10.11.0.2,?,0.0%,10,4.2,4.5,2.7,5.3,0.7,58.5,1289.4015312194824
2024-11-09T08:59:,3,???,?,100.0,10,0.0,0.0,0.0,0.0,0.0,58.5,1289.4015312194824
2024-11-09T08:59:,4,???,?,100.0,10,0.0,0.0,0.0,0.0,0.0,58.5,1289.4015312194824
2024-11-09T08:59:,5,???,?,100.0,10,0.0,0.0,0.0,0.0,0.0,58.5,1289.4015312194824
2024-11-09T08:59:,6,???,?,100.0,10,0.0,0.0,0.0,0.0,0.0,58.5,1289.4015312194824
2024-11-09T08:59:,7,???,?,100.0,10,0.0,0.0,0.0,0.0,0.0,58.5,1289.4015312194824
2024-11-09T08:59:,8,???,?,100.0,10,0.0,0.0,0.0,0.0,0.0,58.5,1289.4015312194824
2024-11-09T08:59:,9,???,?,100.0,10,0.0,0.0,0.0,0.0,0.0,58.5,1289.4015312194824
2024-11-09T08:59:,10,???,?,100.0,10,0.0,0.0,0.0,0.0,0.0,58.5,1289.4015312194824
2024-11-09T08:59:,11,66.254.114.41,?,10.0%,10,320.9,413.5,90.3,887.6,290.2,58.5,1289.4015312194824
2024-11-09T09:02:,1,192.168.64.1,?,0.0%,10,1.1,0.5,0.3,1.1,0.2,82.0,1635.8020305633545
2024-11-09T09:02:,2,10.11.0.2,?,0.0%,10,3.9,3.5,1.9,4.5,1.1,82.0,1635.8020305633545
2024-11-09T09:02:,3,???,?,100.0,10,0.0,0.0,0.0,0.0,0.0,82.0,1635.8020305633545
2024-11-09T09:02:,4,???,?,100.0,10,0.0,0.0,0.0,0.0,0.0,82.0,1635.8020305633545
2024-11-09T09:02:,5,???,?,100.0,10,0.0,0.0,0.0,0.0,0.0,82.0,1635.8020305633545
2024-11-09T09:02:,6,???,?,100.0,10,0.0,0.0,0.0,0.0,0.0,82.0,1635.8020305633545
2024-11-09T09:02:,7,???,?,100.0,10,0.0,0.0,0.0,0.0,0.0,82.0,1635.8020305633545
2024-11-09T09:02:,8,???,?,100.0,10,0.0,0.0,0.0,0.0,0.0,82.0,1635.8020305633545
2024-11-09T09:02:,9,???,?,100.0,10,0.0,0.0,0.0,0.0,0.0,82.0,1635.8020305633545
2024-11-09T09:02:,10,???,?,100.0,10,0.0,0.0,0.0,0.0,0.0,82.0,1635.8020305633545
2024-11-09T09:02:,11,66.254.114.41,?,40.0%,10,621.5,240.6,60.0,621.5,261.2,82.0,1635.8020305633545
2024-11-09T09:06:,1,192.168.64.1,?,0.0%,10,0.9,0.9,0.4,1.2,0.3,205.0,1255.4340362548828
2024-11-09T09:06:,2,10.11.0.2,?,0.0%,10,5.8,4.7,3.0,5.8,0.8,205.0,1255.4340362548828
2024-11-09T09:06:,3,???,?,100.0,10,0.0,0.0,0.0,0.0,0.0,205.0,1255.4340362548828
2024-11-09T09:06:,4,???,?,100.0,10,0.0,0.0,0.0,0.0,0.0,205.0,1255.4340362548828
2024-11-09T09:06:,5,???,?,100.0,10,0.0,0.0,0.0,0.0,0.0,205.0,1255.4340362548828
2024-11-09T09:06:,6,???,?,100.0,10,0.0,0.0,0.0,0.0,0.0,205.0,1255.4340362548828
2024-11-09T09:06:,7,???,?,100.0,10,0.0,0.0,0.0,0.0,0.0,205.0,1255.4340362548828
2024-11-09T09:06:,8,???,?,100.0,10,0.0,0.0,0.0,0.0,0.0,205.0,1255.4340362548828
2024-11-09T09:06:,9,???,?,100.0,10,0.0,0.0,0.0,0.0,0.0,205.0,1255.4340362548828
2024-11-09T09:06:,10,???,?,100.0,10,0.0,0.0,0.0,0.0,0.0,205.0,1255.4340362548828
2024-11-09T09:06:,11,66.254.114.41,?,30.0%,10,88.1,224.3,77.8,921.8,311.4,205.0,1255.4340362548828
2024-11-09T09:09:,1,192.168.64.1,?,0.0%,10,0.9,0.8,0.5,1.4,0.3,959.0,1349.9057292938232
2024-11-09T09:09:,2,10.11.0.2,?,0.0%,10,4.7,3.7,2.1,4.7,0.8,959.0,1349.9057292938232
2024-11-09T09:09:,3,???,?,100.0,10,0.0,0.0,0.0,0.0,0.0,959.0,1349.9057292938232
2024-11-09T09:09:,4,???,?,100.0,10,0.0,0.0,0.0,0.0,0.0,959.0,1349.9057292938232
2024-11-09T09:09:,5,???,?,100.0,10,0.0,0.0,0.0,0.0,0.0,959.0,1349.9057292938232
2024-11-09T09:09:,6,???,?,100.0,10,0.0,0.0,0.0,0.0,0.0,959.0,1349.9057292938232
2024-11-09T09:09:,7,???,?,100.0,10,0.0,0.0,0.0,0.0,0.0,959.0,1349.9057292938232
2024-11-09T09:09:,8,???,?,100.0,10,0.0,0.0,0.0,0.0,0.0,959.0,1349.9057292938232
2024-11-09T09:09:,9,???,?,100.0,10,0.0,0.0,0.0,0.0,0.0,959.0,1349.9057292938232
2024-11-09T09:09:,10,???,?,100.0,10,0.0,0.0,0.0,0.0,0.0,959.0,1349.9057292938232
2024-11-09T09:09:,11,66.254.114.41,?,20.0%,10,275.3,222.6,74.1,450.0,134.6,959.0,1349.9057292938232
2024-11-09T09:13:,1,192.168.64.1,?,0.0%,10,0.7,0.8,0.5,1.1,0.2,149.0,9672.428131103516
2024-11-09T09:13:,2,10.11.0.2,?,0.0%,10,4.3,4.2,3.8,4.9,0.3,149.0,9672.428131103516
2024-11-09T09:13:,3,???,?,100.0,10,0.0,0.0,0.0,0.0,0.0,149.0,9672.428131103516
2024-11-09T09:13:,4,???,?,100.0,10,0.0,0.0,0.0,0.0,0.0,149.0,9672.428131103516
2024-11-09T09:13:,5,???,?,100.0,10,0.0,0.0,0.0,0.0,0.0,149.0,9672.428131103516
2024-11-09T09:13:,6,???,?,100.0,10,0.0,0.0,0.0,0.0,0.0,149.0,9672.428131103516
2024-11-09T09:13:,7,???,?,100.0,10,0.0,0.0,0.0,0.0,0.0,149.0,9672.428131103516
2024-11-09T09:13:,8,???,?,100.0,10,0.0,0.0,0.0,0.0,0.0,149.0,9672.428131103516
2024-11-09T09:13:,9,???,?,100.0,10,0.0,0.0,0.0,0.0,0.0,149.0,9672.428131103516
2024-11-09T09:13:,10,???,?,100.0,10,0.0,0.0,0.0,0.0,0.0,149.0,9672.428131103516
2024-11-09T09:13:,11,66.254.114.41,?,30.0%,10,98.4,80.4,58.4,121.6,22.0,149.0,9672.428131103516
2024-11-09T09:16:,1,192.168.64.1,?,0.0%,10,1.1,0.9,0.5,1.4,0.3,323.0,145.3096866607666
2024-11-09T09:16:,2,10.11.0.2,?,0.0%,10,3.8,4.0,2.1,7.9,1.6,323.0,145.3096866607666
2024-11-09T09:16:,3,???,?,100.0,10,0.0,0.0,0.0,0.0,0.0,323.0,145.3096866607666
2024-11-09T09:16:,4,???,?,100.0,10,0.0,0.0,0.0,0.0,0.0,323.0,145.3096866607666
2024-11-09T09:16:,5,???,?,100.0,10,0.0,0.0,0.0,0.0,0.0,323.0,145.3096866607666
2024-11-09T09:16:,6,???,?,100.0,10,0.0,0.0,0.0,0.0,0.0,323.0,145.3096866607666
2024-11-09T09:16:,7,???,?,100.0,10,0.0,0.0,0.0,0.0,0.0,323.0,145.3096866607666
2024-11-09T09:16:,8,???,?,100.0,10,0.0,0.0,0.0,0.0,0.0,323.0,145.3096866607666
2024-11-09T09:16:,9,???,?,100.0,10,0.0,0.0,0.0,0.0,0.0,323.0,145.3096866607666
2024-11-09T09:16:,10,???,?,100.0,10,0.0,0.0,0.0,0.0,0.0,323.0,145.3096866607666
2024-11-09T09:16:,11,66.254.114.41,?,20.0%,10,62.2,73.1,58.7,127.4,24.4,323.0,145.3096866607666
2024-11-09T09:19:,1,192.168.64.1,?,0.0%,10,1.0,1.0,0.8,1.5,0.2,58.2,1598.8457202911377
2024-11-09T09:19:,2,10.11.0.2,?,0.0%,10,4.4,4.5,3.5,7.6,1.2,58.2,1598.8457202911377
2024-11-09T09:19:,3,???,?,100.0,10,0.0,0.0,0.0,0.0,0.0,58.2,1598.8457202911377
2024-11-09T09:19:,4,???,?,100.0,10,0.0,0.0,0.0,0.0,0.0,58.2,1598.8457202911377
2024-11-09T09:19:,5,???,?,100.0,10,0.0,0.0,0.0,0.0,0.0,58.2,1598.8457202911377
2024-11-09T09:19:,6,???,?,100.0,10,0.0,0.0,0.0,0.0,0.0,58.2,1598.8457202911377
2024-11-09T09:19:,7,???,?,100.0,10,0.0,0.0,0.0,0.0,0.0,58.2,1598.8457202911377
2024-11-09T09:19:,8,???,?,100.0,10,0.0,0.0,0.0,0.0,0.0,58.2,1598.8457202911377
2024-11-09T09:19:,9,???,?,100.0,10,0.0,0.0,0.0,0.0,0.0,58.2,1598.8457202911377
2024-11-09T09:19:,10,???,?,100.0,10,0.0,0.0,0.0,0.0,0.0,58.2,1598.8457202911377
2024-11-09T09:19:,11,66.254.114.41,?,40.0%,10,65.8,188.4,59.1,643.4,226.8,58.2,1598.8457202911377
2024-11-09T09:23:,1,192.168.64.1,?,0.0%,10,0.9,0.9,0.7,1.2,0.2,279.0,19052.308082580566
2024-11-09T09:23:,2,10.11.0.2,?,0.0%,10,3.4,4.3,3.4,4.9,0.5,279.0,19052.308082580566
2024-11-09T09:23:,3,???,?,100.0,10,0.0,0.0,0.0,0.0,0.0,279.0,19052.308082580566
2024-11-09T09:23:,4,???,?,100.0,10,0.0,0.0,0.0,0.0,0.0,279.0,19052.308082580566
2024-11-09T09:23:,5,???,?,100.0,10,0.0,0.0,0.0,0.0,0.0,279.0,19052.308082580566
2024-11-09T09:23:,6,???,?,100.0,10,0.0,0.0,0.0,0.0,0.0,279.0,19052.308082580566
2024-11-09T09:23:,7,???,?,100.0,10,0.0,0.0,0.0,0.0,0.0,279.0,19052.308082580566
2024-11-09T09:23:,8,???,?,100.0,10,0.0,0.0,0.0,0.0,0.0,279.0,19052.308082580566
2024-11-09T09:23:,9,???,?,100.0,10,0.0,0.0,0.0,0.0,0.0,279.0,19052.308082580566
2024-11-09T09:23:,10,???,?,100.0,10,0.0,0.0,0.0,0.0,0.0,279.0,19052.308082580566
2024-11-09T09:23:,11,66.254.114.41,?,40.0%,10,299.6,113.6,58.0,299.6,93.2,279.0,19052.308082580566
2024-11-09T09:26:,1,192.168.64.1,?,0.0%,10,0.8,0.7,0.6,1.0,0.1,97.0,3254.3420791625977
2024-11-09T09:26:,2,10.11.0.2,?,0.0%,10,4.4,4.1,2.3,5.1,0.9,97.0,3254.3420791625977
2024-11-09T09:26:,3,???,?,100.0,10,0.0,0.0,0.0,0.0,0.0,97.0,3254.3420791625977
2024-11-09T09:26:,4,???,?,100.0,10,0.0,0.0,0.0,0.0,0.0,97.0,3254.3420791625977
2024-11-09T09:26:,5,???,?,100.0,10,0.0,0.0,0.0,0.0,0.0,97.0,3254.3420791625977
2024-11-09T09:26:,6,???,?,100.0,10,0.0,0.0,0.0,0.0,0.0,97.0,3254.3420791625977
2024-11-09T09:26:,7,???,?,100.0,10,0.0,0.0,0.0,0.0,0.0,97.0,3254.3420791625977
2024-11-09T09:26:,8,???,?,100.0,10,0.0,0.0,0.0,0.0,0.0,97.0,3254.3420791625977
2024-11-09T09:26:,9,???,?,100.0,10,0.0,0.0,0.0,0.0,0.0,97.0,3254.3420791625977
2024-11-09T09:26:,10,???,?,100.0,10,0.0,0.0,0.0,0.0,0.0,97.0,3254.3420791625977
2024-11-09T09:26:,11,66.254.114.41,?,30.0%,10,98.8,87.7,47.6,170.1,41.1,97.0,3254.3420791625977
2024-11-09T09:30:,1,192.168.64.1,?,0.0%,10,0.9,0.8,0.4,1.0,0.2,Ping failed,Erreur dans la requête
2024-11-09T09:30:,2,???,?,100.0,10,0.0,0.0,0.0,0.0,0.0,Ping failed,Erreur dans la requête
2024-11-09T09:35:,1,192.168.64.1,?,0.0%,10,0.7,0.8,0.5,1.1,0.2,Ping failed,Erreur dans la requête
2024-11-09T09:35:,2,???,?,100.0,10,0.0,0.0,0.0,0.0,0.0,Ping failed,Erreur dans la requête
2024-11-09T09:41:,1,192.168.64.1,?,0.0%,10,1.1,1.1,0.7,1.7,0.3,Ping failed,Erreur dans la requête
2024-11-09T09:41:,2,???,?,100.0,10,0.0,0.0,0.0,0.0,0.0,Ping failed,Erreur dans la requête
2024-11-09T09:47:,1,192.168.64.1,?,0.0%,10,0.7,0.9,0.3,2.0,0.5,106.0,74533.20360183716
2024-11-09T09:47:,2,10.11.0.2,?,70.0%,10,2.9,3.6,2.9,4.1,0.7,106.0,74533.20360183716
2024-11-09T09:47:,3,???,?,100.0,10,0.0,0.0,0.0,0.0,0.0,106.0,74533.20360183716
2024-11-09T09:47:,4,???,?,100.0,10,0.0,0.0,0.0,0.0,0.0,106.0,74533.20360183716
2024-11-09T09:47:,5,???,?,100.0,10,0.0,0.0,0.0,0.0,0.0,106.0,74533.20360183716
2024-11-09T09:47:,6,???,?,100.0,10,0.0,0.0,0.0,0.0,0.0,106.0,74533.20360183716
2024-11-09T09:47:,7,???,?,100.0,10,0.0,0.0,0.0,0.0,0.0,106.0,74533.20360183716
2024-11-09T09:47:,8,???,?,100.0,10,0.0,0.0,0.0,0.0,0.0,106.0,74533.20360183716
2024-11-09T09:47:,9,???,?,100.0,10,0.0,0.0,0.0,0.0,0.0,106.0,74533.20360183716
2024-11-09T09:47:,10,???,?,100.0,10,0.0,0.0,0.0,0.0,0.0,106.0,74533.20360183716
2024-11-09T09:47:,11,66.254.114.41,?,70.0%,10,552.1,656.4,470.7,946.3,254.4,106.0,74533.20360183716
2024-11-09T09:51:,1,192.168.64.1,?,0.0%,10,0.9,1.0,0.5,1.9,0.4,93.1,1168.285846710205
2024-11-09T09:51:,2,10.11.0.2,?,0.0%,10,3.3,4.4,2.6,6.3,1.0,93.1,1168.285846710205
2024-11-09T09:51:,3,???,?,100.0,10,0.0,0.0,0.0,0.0,0.0,93.1,1168.285846710205
2024-11-09T09:51:,4,???,?,100.0,10,0.0,0.0,0.0,0.0,0.0,93.1,1168.285846710205
2024-11-09T09:51:,5,???,?,100.0,10,0.0,0.0,0.0,0.0,0.0,93.1,1168.285846710205
2024-11-09T09:51:,6,???,?,100.0,10,0.0,0.0,0.0,0.0,0.0,93.1,1168.285846710205
2024-11-09T09:51:,7,???,?,100.0,10,0.0,0.0,0.0,0.0,0.0,93.1,1168.285846710205
2024-11-09T09:51:,8,???,?,100.0,10,0.0,0.0,0.0,0.0,0.0,93.1,1168.285846710205
2024-11-09T09:51:,9,???,?,100.0,10,0.0,0.0,0.0,0.0,0.0,93.1,1168.285846710205
2024-11-09T09:51:,10,???,?,100.0,10,0.0,0.0,0.0,0.0,0.0,93.1,1168.285846710205
2024-11-09T09:51:,11,66.254.114.41,?,30.0%,10,63.1,381.1,49.7,1452.,571.0,93.1,1168.285846710205
2024-11-09T09:55:,1,192.168.64.1,?,0.0%,10,0.8,1.0,0.8,1.1,0.1,68.8,3053.361177444458
2024-11-09T09:55:,2,10.11.0.2,?,0.0%,10,4.3,5.0,3.6,11.3,2.3,68.8,3053.361177444458
2024-11-09T09:55:,3,???,?,100.0,10,0.0,0.0,0.0,0.0,0.0,68.8,3053.361177444458
2024-11-09T09:55:,4,???,?,100.0,10,0.0,0.0,0.0,0.0,0.0,68.8,3053.361177444458
2024-11-09T09:55:,5,???,?,100.0,10,0.0,0.0,0.0,0.0,0.0,68.8,3053.361177444458
2024-11-09T09:55:,6,???,?,100.0,10,0.0,0.0,0.0,0.0,0.0,68.8,3053.361177444458
2024-11-09T09:55:,7,???,?,100.0,10,0.0,0.0,0.0,0.0,0.0,68.8,3053.361177444458
2024-11-09T09:55:,8,???,?,100.0,10,0.0,0.0,0.0,0.0,0.0,68.8,3053.361177444458
2024-11-09T09:55:,9,???,?,100.0,10,0.0,0.0,0.0,0.0,0.0,68.8,3053.361177444458
2024-11-09T09:55:,10,???,?,100.0,10,0.0,0.0,0.0,0.0,0.0,68.8,3053.361177444458
2024-11-09T09:55:,11,66.254.114.41,?,30.0%,10,394.2,183.7,63.9,412.3,152.2,68.8,3053.361177444458
2024-11-09T09:58:,1,192.168.64.1,?,0.0%,10,0.9,0.7,0.3,0.9,0.2,979.0,1194.101333618164
2024-11-09T09:58:,2,10.11.0.2,?,0.0%,10,4.3,4.2,3.3,4.8,0.6,979.0,1194.101333618164
2024-11-09T09:58:,3,???,?,100.0,10,0.0,0.0,0.0,0.0,0.0,979.0,1194.101333618164
2024-11-09T09:58:,4,???,?,100.0,10,0.0,0.0,0.0,0.0,0.0,979.0,1194.101333618164
2024-11-09T09:58:,5,???,?,100.0,10,0.0,0.0,0.0,0.0,0.0,979.0,1194.101333618164
2024-11-09T09:58:,6,???,?,100.0,10,0.0,0.0,0.0,0.0,0.0,979.0,1194.101333618164
2024-11-09T09:58:,7,???,?,100.0,10,0.0,0.0,0.0,0.0,0.0,979.0,1194.101333618164
2024-11-09T09:58:,8,???,?,100.0,10,0.0,0.0,0.0,0.0,0.0,979.0,1194.101333618164
2024-11-09T09:58:,9,???,?,100.0,10,0.0,0.0,0.0,0.0,0.0,979.0,1194.101333618164
2024-11-09T09:58:,10,???,?,100.0,10,0.0,0.0,0.0,0.0,0.0,979.0,1194.101333618164
2024-11-09T09:58:,11,66.254.114.41,?,60.0%,10,358.9,134.6,53.3,358.9,149.6,979.0,1194.101333618164
2024-11-09T10:02:,1,192.168.64.1,?,0.0%,10,1.1,0.9,0.4,1.3,0.3,Ping failed,Erreur dans la requête
2024-11-09T10:02:,2,???,?,100.0,10,0.0,0.0,0.0,0.0,0.0,Ping failed,Erreur dans la requête
2024-11-09T10:07:,1,192.168.64.1,?,0.0%,10,0.8,0.8,0.5,1.2,0.2,Ping failed,111.22012138366699
2024-11-09T10:07:,2,10.11.0.2,?,0.0%,10,5.4,4.1,2.9,5.4,0.8,Ping failed,111.22012138366699
2024-11-09T10:07:,3,???,?,100.0,10,0.0,0.0,0.0,0.0,0.0,Ping failed,111.22012138366699
2024-11-09T10:11:,1,192.168.64.1,?,0.0%,10,0.9,0.8,0.5,1.3,0.2,669.0,1300.276279449463
2024-11-09T10:11:,2,10.11.0.2,?,0.0%,10,3.3,3.7,1.6,5.2,1.2,669.0,1300.276279449463
2024-11-09T10:11:,3,???,?,100.0,10,0.0,0.0,0.0,0.0,0.0,669.0,1300.276279449463
2024-11-09T10:11:,4,???,?,100.0,10,0.0,0.0,0.0,0.0,0.0,669.0,1300.276279449463
2024-11-09T10:11:,5,???,?,100.0,10,0.0,0.0,0.0,0.0,0.0,669.0,1300.276279449463
2024-11-09T10:11:,6,???,?,100.0,10,0.0,0.0,0.0,0.0,0.0,669.0,1300.276279449463
2024-11-09T10:11:,7,???,?,100.0,10,0.0,0.0,0.0,0.0,0.0,669.0,1300.276279449463
2024-11-09T10:11:,8,???,?,100.0,10,0.0,0.0,0.0,0.0,0.0,669.0,1300.276279449463
2024-11-09T10:11:,9,???,?,100.0,10,0.0,0.0,0.0,0.0,0.0,669.0,1300.276279449463
2024-11-09T10:11:,10,???,?,100.0,10,0.0,0.0,0.0,0.0,0.0,669.0,1300.276279449463
2024-11-09T10:11:,11,66.254.114.41,?,60.0%,10,57.6,80.0,57.6,119.5,27.4,669.0,1300.276279449463
2024-11-09T10:14:,1,192.168.64.1,?,0.0%,10,0.8,0.9,0.5,1.2,0.2,65.7,157.26232528686523
2024-11-09T10:14:,2,10.11.0.2,?,0.0%,10,4.9,4.9,4.3,5.3,0.2,65.7,157.26232528686523
2024-11-09T10:14:,3,???,?,100.0,10,0.0,0.0,0.0,0.0,0.0,65.7,157.26232528686523
2024-11-09T10:14:,4,???,?,100.0,10,0.0,0.0,0.0,0.0,0.0,65.7,157.26232528686523
2024-11-09T10:14:,5,???,?,100.0,10,0.0,0.0,0.0,0.0,0.0,65.7,157.26232528686523
2024-11-09T10:14:,6,???,?,100.0,10,0.0,0.0,0.0,0.0,0.0,65.7,157.26232528686523
2024-11-09T10:14:,7,???,?,100.0,10,0.0,0.0,0.0,0.0,0.0,65.7,157.26232528686523
2024-11-09T10:14:,8,???,?,100.0,10,0.0,0.0,0.0,0.0,0.0,65.7,157.26232528686523
2024-11-09T10:14:,9,???,?,100.0,10,0.0,0.0,0.0,0.0,0.0,65.7,157.26232528686523
2024-11-09T10:14:,10,???,?,100.0,10,0.0,0.0,0.0,0.0,0.0,65.7,157.26232528686523
2024-11-09T10:14:,11,66.254.114.41,?,10.0%,10,269.6,273.1,47.4,1016.,297.9,65.7,157.26232528686523
2024-11-09T10:17:,1,192.168.64.1,?,0.0%,10,1.2,1.0,0.7,1.3,0.2,240.0,3647.7997303009033
2024-11-09T10:17:,2,10.11.0.2,?,0.0%,10,3.4,4.3,3.4,5.4,0.7,240.0,3647.7997303009033
2024-11-09T10:17:,3,???,?,100.0,10,0.0,0.0,0.0,0.0,0.0,240.0,3647.7997303009033
2024-11-09T10:17:,4,???,?,100.0,10,0.0,0.0,0.0,0.0,0.0,240.0,3647.7997303009033
2024-11-09T10:17:,5,???,?,100.0,10,0.0,0.0,0.0,0.0,0.0,240.0,3647.7997303009033
2024-11-09T10:17:,6,???,?,100.0,10,0.0,0.0,0.0,0.0,0.0,240.0,3647.7997303009033
2024-11-09T10:17:,7,???,?,100.0,10,0.0,0.0,0.0,0.0,0.0,240.0,3647.7997303009033
2024-11-09T10:17:,8,???,?,100.0,10,0.0,0.0,0.0,0.0,0.0,240.0,3647.7997303009033
2024-11-09T10:17:,9,???,?,100.0,10,0.0,0.0,0.0,0.0,0.0,240.0,3647.7997303009033
2024-11-09T10:17:,10,???,?,100.0,10,0.0,0.0,0.0,0.0,0.0,240.0,3647.7997303009033
2024-11-09T10:17:,11,66.254.114.41,?,50.0%,10,203.5,191.8,73.8,244.0,68.7,240.0,3647.7997303009033
2024-11-09T10:21:,1,192.168.64.1,?,0.0%,10,1.0,0.9,0.3,1.5,0.3,57.3,1204.4017314910889
2024-11-09T10:21:,2,10.11.0.2,?,0.0%,10,4.0,4.3,3.1,5.3,0.6,57.3,1204.4017314910889
2024-11-09T10:21:,3,???,?,100.0,10,0.0,0.0,0.0,0.0,0.0,57.3,1204.4017314910889
2024-11-09T10:21:,4,???,?,100.0,10,0.0,0.0,0.0,0.0,0.0,57.3,1204.4017314910889
2024-11-09T10:21:,5,???,?,100.0,10,0.0,0.0,0.0,0.0,0.0,57.3,1204.4017314910889
2024-11-09T10:21:,6,???,?,100.0,10,0.0,0.0,0.0,0.0,0.0,57.3,1204.4017314910889
2024-11-09T10:21:,7,???,?,100.0,10,0.0,0.0,0.0,0.0,0.0,57.3,1204.4017314910889
2024-11-09T10:21:,8,???,?,100.0,10,0.0,0.0,0.0,0.0,0.0,57.3,1204.4017314910889
2024-11-09T10:21:,9,???,?,100.0,10,0.0,0.0,0.0,0.0,0.0,57.3,1204.4017314910889
2024-11-09T10:21:,10,???,?,100.0,10,0.0,0.0,0.0,0.0,0.0,57.3,1204.4017314910889
2024-11-09T10:21:,11,66.254.114.41,?,50.0%,10,58.2,65.5,58.2,76.5,6.8,57.3,1204.4017314910889
2024-11-09T10:24:,1,192.168.64.1,?,0.0%,10,1.3,1.0,0.7,1.6,0.3,51.3,157.31191635131836
2024-11-09T10:24:,2,10.11.0.2,?,0.0%,10,4.8,4.2,2.1,5.0,0.9,51.3,157.31191635131836
2024-11-09T10:24:,3,???,?,100.0,10,0.0,0.0,0.0,0.0,0.0,51.3,157.31191635131836
2024-11-09T10:24:,4,???,?,100.0,10,0.0,0.0,0.0,0.0,0.0,51.3,157.31191635131836
2024-11-09T10:24:,5,???,?,100.0,10,0.0,0.0,0.0,0.0,0.0,51.3,157.31191635131836
2024-11-09T10:24:,6,???,?,100.0,10,0.0,0.0,0.0,0.0,0.0,51.3,157.31191635131836
2024-11-09T10:24:,7,???,?,100.0,10,0.0,0.0,0.0,0.0,0.0,51.3,157.31191635131836
2024-11-09T10:24:,8,???,?,100.0,10,0.0,0.0,0.0,0.0,0.0,51.3,157.31191635131836
2024-11-09T10:24:,9,???,?,100.0,10,0.0,0.0,0.0,0.0,0.0,51.3,157.31191635131836
2024-11-09T10:24:,10,???,?,100.0,10,0.0,0.0,0.0,0.0,0.0,51.3,157.31191635131836
2024-11-09T10:24:,11,66.254.114.41,?,10.0%,10,80.4,126.3,64.3,359.4,92.4,51.3,157.31191635131836
2024-11-09T10:28:,1,192.168.64.1,?,0.0%,10,0.4,0.9,0.4,1.3,0.3,59.1,140.12503623962402
2024-11-09T10:28:,2,10.11.0.2,?,0.0%,10,3.9,4.1,2.2,5.6,1.0,59.1,140.12503623962402
2024-11-09T10:28:,3,???,?,100.0,10,0.0,0.0,0.0,0.0,0.0,59.1,140.12503623962402
2024-11-09T10:28:,4,???,?,100.0,10,0.0,0.0,0.0,0.0,0.0,59.1,140.12503623962402
2024-11-09T10:28:,5,???,?,100.0,10,0.0,0.0,0.0,0.0,0.0,59.1,140.12503623962402
2024-11-09T10:28:,6,???,?,100.0,10,0.0,0.0,0.0,0.0,0.0,59.1,140.12503623962402
2024-11-09T10:28:,7,???,?,100.0,10,0.0,0.0,0.0,0.0,0.0,59.1,140.12503623962402
2024-11-09T10:28:,8,???,?,100.0,10,0.0,0.0,0.0,0.0,0.0,59.1,140.12503623962402
2024-11-09T10:28:,9,???,?,100.0,10,0.0,0.0,0.0,0.0,0.0,59.1,140.12503623962402
2024-11-09T10:28:,10,???,?,100.0,10,0.0,0.0,0.0,0.0,0.0,59.1,140.12503623962402
2024-11-09T10:28:,11,66.254.114.41,?,40.0%,10,53.9,114.6,53.9,242.8,71.3,59.1,140.12503623962402
2024-11-09T10:31:,1,192.168.64.1,?,0.0%,10,0.5,0.8,0.5,1.0,0.2,216.0,4467.32234954834
2024-11-09T10:31:,2,10.11.0.2,?,0.0%,10,2.3,4.1,2.3,5.0,0.9,216.0,4467.32234954834
2024-11-09T10:31:,3,???,?,100.0,10,0.0,0.0,0.0,0.0,0.0,216.0,4467.32234954834
2024-11-09T10:31:,4,???,?,100.0,10,0.0,0.0,0.0,0.0,0.0,216.0,4467.32234954834
2024-11-09T10:31:,5,???,?,100.0,10,0.0,0.0,0.0,0.0,0.0,216.0,4467.32234954834
2024-11-09T10:31:,6,???,?,100.0,10,0.0,0.0,0.0,0.0,0.0,216.0,4467.32234954834
2024-11-09T10:31:,7,???,?,100.0,10,0.0,0.0,0.0,0.0,0.0,216.0,4467.32234954834
2024-11-09T10:31:,8,???,?,100.0,10,0.0,0.0,0.0,0.0,0.0,216.0,4467.32234954834
2024-11-09T10:31:,9,???,?,100.0,10,0.0,0.0,0.0,0.0,0.0,216.0,4467.32234954834
2024-11-09T10:31:,10,???,?,100.0,10,0.0,0.0,0.0,0.0,0.0,216.0,4467.32234954834
2024-11-09T10:31:,11,66.254.114.41,?,50.0%,10,219.1,166.2,69.0,386.9,138.3,216.0,4467.32234954834
2024-11-09T10:34:,1,192.168.64.1,?,0.0%,10,0.9,0.7,0.4,1.1,0.2,92.4,1224.1337299346924
2024-11-09T10:34:,2,10.11.0.2,?,0.0%,10,2.6,3.5,2.2,4.7,1.1,92.4,1224.1337299346924
2024-11-09T10:34:,3,???,?,100.0,10,0.0,0.0,0.0,0.0,0.0,92.4,1224.1337299346924
2024-11-09T10:34:,4,???,?,100.0,10,0.0,0.0,0.0,0.0,0.0,92.4,1224.1337299346924
2024-11-09T10:34:,5,???,?,100.0,10,0.0,0.0,0.0,0.0,0.0,92.4,1224.1337299346924
2024-11-09T10:34:,6,???,?,100.0,10,0.0,0.0,0.0,0.0,0.0,92.4,1224.1337299346924
2024-11-09T10:34:,7,???,?,100.0,10,0.0,0.0,0.0,0.0,0.0,92.4,1224.1337299346924
2024-11-09T10:34:,8,???,?,100.0,10,0.0,0.0,0.0,0.0,0.0,92.4,1224.1337299346924
2024-11-09T10:34:,9,???,?,100.0,10,0.0,0.0,0.0,0.0,0.0,92.4,1224.1337299346924
2024-11-09T10:34:,10,???,?,100.0,10,0.0,0.0,0.0,0.0,0.0,92.4,1224.1337299346924
2024-11-09T10:34:,11,66.254.114.41,?,90.0%,10,96.4,96.4,96.4,96.4,0.0,92.4,1224.1337299346924
