DateTime,IP
2024-11-09T08:30:,152.195.34.118
2024-11-09T08:32:,152.195.34.118
2024-11-09T08:35:,152.195.34.118
2024-11-09T08:38:,152.195.34.118
2024-11-09T08:41:,152.195.34.118
2024-11-09T08:44:,152.195.34.118
2024-11-09T08:46:,152.195.34.118
2024-11-09T08:49:,152.195.34.118
2024-11-09T08:52:,152.195.34.118
2024-11-09T08:55:,152.195.34.118
2024-11-09T08:58:,152.195.34.118
2024-11-09T09:01:,152.195.34.118
2024-11-09T09:04:,152.195.34.118
2024-11-09T09:07:,152.195.34.118
2024-11-09T09:10:,152.195.34.118
2024-11-09T09:13:,152.195.34.118
2024-11-09T09:16:,152.195.34.118
2024-11-09T09:20:,152.195.34.118
2024-11-09T09:23:,152.195.34.118
2024-11-09T09:26:,152.195.34.118
2024-11-09T09:31:,152.195.34.118
2024-11-09T09:37:,152.195.34.118
2024-11-09T09:42:,152.195.34.118
2024-11-09T09:47:,152.195.34.118
2024-11-09T09:50:,152.195.34.118
2024-11-09T09:53:,152.195.34.118
2024-11-09T09:56:,152.195.34.118
2024-11-09T10:08:,152.195.34.118
2024-11-09T10:11:,152.195.34.118
2024-11-09T10:14:,152.195.34.118
2024-11-09T10:17:,152.195.34.118
2024-11-09T10:20:,152.195.34.118
2024-11-09T10:23:,152.195.34.118
2024-11-09T10:26:,152.195.34.118
2024-11-09T10:29:,152.195.34.118
2024-11-09T10:32:,152.195.34.118
2024-11-09T10:36:,152.195.34.118
2024-11-09T10:39:,152.195.34.118
2024-11-09T10:42:,152.195.34.118
2024-11-09T10:45:,152.195.34.118
2024-11-09T10:50:,152.195.34.118
2024-11-09T10:53:,152.195.34.118
2024-11-09T10:56:,152.195.34.118
2024-11-09T11:00:,152.195.34.118
2024-11-09T11:05:,152.195.34.118
2024-11-09T11:08:,152.195.34.118
2024-11-09T11:11:,152.195.34.118
2024-11-09T11:15:,152.195.34.118
2024-11-09T11:18:,152.195.34.118
2024-11-09T11:23:,152.195.34.118
2024-11-09T11:26:,152.195.34.118
2024-11-09T11:29:,152.195.34.118
2024-11-09T11:32:,152.195.34.118
2024-11-09T11:35:,152.195.34.118
